state,season,N,P,K,temperature,humidity,ph,rainfall
Maharashtra,Kharif,89.75,41.833333333333336,42.97222222222222,27.927222222222223,59.959166666666675,6.506944444444445,867.8888888888889
Maharashtra,Rabi,89.52777777777777,41.916666666666664,42.94444444444444,27.8425,59.824999999999996,6.474722222222223,845.1666666666666
Maharashtra,Summer,90.13888888888889,42.52777777777778,42.77777777777778,28.058333333333334,60.20194444444444,6.494722222222222,832.5833333333334
